id;nif;nombre;apellidos;CP;cc
1;12523564b;VERONICA;ALONSO;12501;6545784568
2;12523575c;TANIA ELENA;ANGHEL;12520;6545784569
3;12523586h;SILVIA;APOSTOL;12530;6545784570
4;12523597g;MOISES;ASENSI;12540;6545784571
5;12523608f;JULIA;ATURCANITEI;12540;6545784572
6;12523619r;JESSICA;BEN AISSA;12520;6545784573
7;12523630e;ANA;BIKIE;12520;6545784574
8;12523641b;ADRIANA;BOMERE;12530;6545784575
9;12523652c;YOLANDA;CHABRERA;12540;6545784576
10;12523663h;DOLORES;CHABRERA;12501;6545784577
11;12523674g;YOLANDA;CIOBANICA;12520;6545784578
12;12523685f;OLAYA;COROS;12530;6545784579
13;12523696r;MANUEL;FERNANDEZ;12540;6545784580
14;12523707e;LIDIA;GALERA;12501;6545784581
15;12523718b;ISABEL;GUAL;12520;6545784582
16;12523729c;DEBORA;JAIME;12530;6545784583
17;12523740h;CAROLINA;LAVIRGEN;12540;6545784584
18;12523751g;ADRIANA;LONDOPO;12540;6545784585
19;12523762f;YOLANDA;MARTI;12520;6545784586
20;12523773r;ADELA;MESADO;12520;6545784587
21;12523784e;ARACELI;MORA;12530;6545784588
22;12523795b;CECILIA;MORAN;12540;6545784589
23;12523806c;ELENA;MORAN;12501;6545784590
24;12523817h;FELE;ORENES;12520;6545784591
25;12523828g;DIANA;PEREZ;12530;6545784592
26;12523839f;ZOHRA;PEREZ;12540;6545784593
27;12523850r;YOLANDA;POPESCU;12501;6545784594
28;12523861e;SONIA;RIBES;12520;6545784595
29;12523872b;SILVIA;ROS;12530;6545784596
30;12523883c;SARA;SANDOVICI;12540;6545784597
31;12523894h;QUIQUE;SILVA;12540;6545784598
32;12523905g;PEDRO;SUCIU;12520;6545784599
33;12523916f;PACO;ZEMANOVA;12520;6545784600
34;12523927r;MARIA;ZULU;12530;6545784601
35;12523938e;MAR;ARAMBUL;12540;6545784602
36;12523949b;CELIA;AMAROS;12501;6545784603
37;12523960c;JOSE;DELGADO;12520;6545784604
38;12523971h;JOSE;GUGOASA;12530;6545784605
39;12523982g;CELIA;JUAREZ;12540;6545784606
40;12523993f;BELEN;LARA;12501;6545784607
41;12524004r;ANGELES;LILLO;12520;6545784608
42;12524015e;LILIANA;LLACER;12530;6545784609
43;12524026b;KARAMOKO;GIMENEZ;12540;6545784610
44;12524037c;JULIANA;MARTINEZ;12540;6545784611
45;12524048h;JUAN;MORAN;12520;6545784612
46;12524059g;JOSE;MORGOLLON;12520;6545784613
47;12524070f;JESSICA;MUNDI;12530;6545784614
48;12524081r;JAQUELINE;PEREZ;12540;6545784615
49;12524092e;IONELA;RODRIGUEZ;12501;6545784616
50;12524103b;FAIZA;ROJOS;12520;6545784617
